département;vitesse max autorisée;autre véhicule;indéterminable;indéterminé;vehicules deux roues;vehicules leger;vehicules lourd;gravité indéterminé;indemne;tué;blessé hospitalisé;blessé léger;autre;hommes;femmes;jeune;adulte;senior;conducteur;passager;piéton;clustering kmeans
Ain;67.97903682719547;0.0011331444759206798;0.0005665722379603399;0.0;0.33257790368271956;1.176770538243626;0.19886685552407932;0.0;0.8521246458923513;0.08895184135977337;0.5121813031161473;0.8923512747875354;0.0084985835694051;1.5422096317280454;0.794900849858357;0.31218130311614734;1.6311614730878188;0.38980169971671386;1.6991501416430594;0.5371104815864023;0.10934844192634562;1
Aisne;68.18562874251496;0.004790419161676647;0.005988023952095809;0.0;0.3413173652694611;1.0023952095808384;0.2155688622754491;0.0;0.8215568862275449;0.1568862275449102;0.6431137724550898;0.578443113772455;0.010778443113772455;1.5497005988023953;0.6395209580838324;0.288622754491018;1.5508982035928143;0.3413173652694611;1.5532934131736527;0.518562874251497;0.1281437125748503;0
Allier;67.87579617834395;0.006369426751592357;0.0010615711252653928;0.0;0.37048832271762205;0.9745222929936306;0.19957537154989385;0.0010615711252653928;0.8651804670912951;0.10509554140127389;0.6422505307855626;0.5806794055201698;0.010615711252653927;1.435244161358811;0.7484076433121019;0.31316348195329086;1.4076433121019107;0.4585987261146497;1.5392781316348196;0.5329087048832272;0.12208067940552017;0
Alpes-Maritimes;52.473955507325016;0.007325013564839935;0.002984264785675529;0.0;0.6166576234400434;0.8928377645143787;0.17444384156266957;0.0005425935973955507;0.8944655453065654;0.05561584373304395;0.39609332609875203;0.8505154639175257;0.013293543136190992;1.5065111231687467;0.677428106348345;0.22192078133478024;1.557786218122626;0.40070537167661424;1.672816060770483;0.30792186652197506;0.21649484536082475;1
Alpes-de-Haute-Provence;67.38083832335329;0.0023952095808383233;0.0;0.0;0.4754491017964072;0.932934131736527;0.1341317365269461;0.0;0.8107784431137725;0.07904191616766468;0.5616766467065868;0.7377245508982035;0.00718562874251497;1.3940119760479042;0.7880239520958083;0.2215568862275449;1.4251497005988023;0.5341317365269461;1.5365269461077844;0.5365269461077844;0.11616766467065869;0
Ardennes;65.34683544303797;0.007594936708860759;0.002531645569620253;0.0;0.34430379746835443;0.9265822784810127;0.18734177215189873;0.002531645569620253;0.6911392405063291;0.1620253164556962;0.6556962025316456;0.4860759493670886;0.010126582278481013;1.4556962025316456;0.5316455696202531;0.26582278481012656;1.3721518987341772;0.3493670886075949;1.4455696202531645;0.37468354430379747;0.17721518987341772;0
Ardèche;61.78889990089197;0.010901883052527254;0.0019821605550049554;0.0;0.49157581764122893;0.9127849355797819;0.14767096134786917;0.0009910802775024777;0.6997026759167493;0.08820614469772052;0.5341922695738355;0.709613478691774;0.011892963330029732;1.398414271555996;0.622398414271556;0.26560951437066405;1.294350842418236;0.46085232903865214;1.5550049554013876;0.3726461843409316;0.10505450941526263;0
Ariège;61.44965277777778;0.017361111111111112;0.003472222222222222;0.0;0.3524305555555556;1.09375;0.14756944444444445;0.0;0.8541666666666666;0.08854166666666667;0.5121527777777778;0.8923611111111112;0.008680555555555556;1.5364583333333333;0.8020833333333334;0.3125;1.5052083333333333;0.5208333333333334;1.6059027777777777;0.6267361111111112;0.11458333333333333;1
Aube;59.24386825508059;0.011212333566923615;0.004204625087596356;0.0;0.35949544498948843;1.133146461107218;0.15416958654519972;0.000700770847932726;0.9684653118430273;0.05746320953048353;0.2754029432375613;0.9614576033637001;0.018220042046250877;1.4078486334968465;0.8374211632796076;0.31955150665732307;1.562718990889979;0.3552908199018921;1.6355991590749825;0.48423265592151365;0.14365802382620882;1
Aude;63.586395621579356;0.004691164972634871;0.00547302580140735;0.0;0.35809225957779517;1.1368256450351837;0.16106333072713058;0.0007818608287724785;1.021110242376857;0.09538702111024237;0.5199374511336982;0.7967161845191556;0.02111024237685692;1.5183737294761532;0.8944487881157154;0.344800625488663;1.6254886630179828;0.43393275996872555;1.652071931196247;0.6317435496481626;0.15011727912431588;1
Aveyron;71.191091954023;0.01293103448275862;0.0;0.0;0.37787356321839083;1.0114942528735633;0.17672413793103448;0.0;0.757183908045977;0.12643678160919541;0.6221264367816092;0.6767241379310345;0.0014367816091954023;1.3951149425287357;0.7859195402298851;0.2859195402298851;1.3103448275862069;0.5818965517241379;1.5732758620689655;0.47413793103448276;0.13505747126436782;0
Bas-Rhin;56.742407199100114;0.0026246719160104987;0.0011248593925759281;0.0;0.4668166479190101;1.0866141732283465;0.19647544056992877;0.0003749531308586427;0.9602549681289839;0.05774278215223097;0.3029621297337833;0.9295088113985752;0.02062242219722535;1.5313085864266966;0.6989126359205099;0.23847019122609675;1.6786651668541432;0.31158605174353204;1.7296587926509186;0.3322084739407574;0.1889763779527559;1
Bouches-du-Rhône;62.76554001554002;0.01146076146076146;0.007575757575757576;0.0;0.41977466977466976;1.2159090909090908;0.20901320901320902;0.002136752136752137;0.9747474747474747;0.039141414141414144;0.28263403263403264;1.1278166278166277;0.052059052059052056;1.6314102564102564;0.743006993006993;0.22882672882672883;1.8429487179487178;0.29865967365967366;1.801961926961927;0.47183372183372185;0.15268065268065267;2
Calvados;60.76746506986028;0.007984031936127744;0.0029940119760479044;0.0;0.3972055888223553;1.0813373253493015;0.17165668662674652;0.0029940119760479044;0.93812375249501;0.06287425149700598;0.4351297405189621;0.8168662674650699;0.003992015968063872;1.501996007984032;0.75;0.2884231536926148;1.533932135728543;0.42664670658682635;1.6506986027944113;0.468063872255489;0.1372255489021956;1
Cantal;68.36595744680851;0.0;0.002127659574468085;0.0;0.35319148936170214;1.0085106382978724;0.19148936170212766;0.0;0.9106382978723404;0.07659574468085106;0.4978723404255319;0.6595744680851063;0.00851063829787234;1.3680851063829786;0.7680851063829788;0.24468085106382978;1.3021276595744682;0.5808510638297872;1.548936170212766;0.4595744680851064;0.13617021276595745;0
Charente;70.00833333333334;0.0016666666666666668;0.0033333333333333335;0.0;0.3883333333333333;0.9866666666666667;0.17833333333333334;0.0;0.7033333333333334;0.11666666666666667;0.745;0.5366666666666666;0.005;1.4483333333333333;0.6483333333333333;0.29833333333333334;1.3183333333333334;0.475;1.55;0.44333333333333336;0.10833333333333334;0
Charente-Maritime;58.31228416378885;0.003946719289590528;0.0014800197335964479;0.0;0.45831277750370003;1.077454366058214;0.1637888505180069;0.000493339911198816;0.9171188949185989;0.09225456339417859;0.4563394178589048;0.7725703009373458;0.008386778490379871;1.426245683275777;0.8041440552540701;0.23384311790823878;1.4913665515540206;0.50419338924519;1.6911692155895413;0.4198322644301924;0.12777503700049334;1
Cher;69.05538461538461;0.004615384615384616;0.004615384615384616;0.0;0.38769230769230767;0.9738461538461538;0.1476923076923077;0.0015384615384615385;0.8323076923076923;0.11076923076923077;0.6430769230769231;0.5984615384615385;0.013846153846153847;1.4646153846153847;0.7076923076923077;0.3353846153846154;1.3815384615384616;0.45076923076923076;1.5061538461538462;0.5646153846153846;0.11538461538461539;0
Corrèze;66.6125574272588;0.0030627871362940277;0.0015313935681470138;0.0;0.37978560490045943;1.0229709035222052;0.16539050535987748;0.0;0.7917304747320061;0.08269525267993874;0.5497702909647779;0.7044410413476263;0.0015313935681470138;1.4349157733537519;0.6921898928024502;0.29096477794793263;1.3721286370597243;0.46248085758039814;1.5681470137825422;0.41807044410413474;0.14241960183767227;0
Corse-du-Sud;57.20180722891566;0.002008032128514056;0.002008032128514056;0.0;0.5933734939759037;1.0271084337349397;0.142570281124498;0.001004016064257028;0.8885542168674698;0.050200803212851405;0.4146586345381526;0.9377510040160643;0.020080321285140562;1.5431726907630523;0.7289156626506024;0.2540160642570281;1.642570281124498;0.37349397590361444;1.7540160642570282;0.40763052208835343;0.13052208835341367;1
Creuse;72.54098360655738;0.00546448087431694;0.00546448087431694;0.0;0.3442622950819672;0.9562841530054644;0.16939890710382513;0.0;0.9344262295081968;0.14207650273224043;0.7704918032786885;0.30601092896174864;0.0;1.3879781420765027;0.7650273224043715;0.29508196721311475;1.278688524590164;0.5792349726775956;1.46448087431694;0.5573770491803278;0.13114754098360656;0
Côte-d'Or;73.1706102117061;0.0037359900373599006;0.0024906600249066002;0.0;0.3686176836861768;1.0398505603985055;0.18929016189290163;0.0;0.8779576587795765;0.15442092154420922;0.7210460772104608;0.5753424657534246;0.014943960149439602;1.6214196762141968;0.6924034869240349;0.26525529265255293;1.5703611457036115;0.47447073474470736;1.5902864259028642;0.5940224159402242;0.1444582814445828;0
Côtes-d'Armor;64.34456452638271;0.008264462809917356;0.003178639542275906;0.0;0.40114431023521935;1.0591226954863318;0.18372536554354738;0.0012714558169103624;0.8486967577876668;0.09154481881754609;0.5130324221233312;0.7279084551811824;0.010171646535282899;1.3687221869040052;0.803560076287349;0.30578512396694213;1.3808010171646534;0.4844246662428481;1.6344564526382708;0.4049586776859504;0.14303877940241577;1
Deux-Sèvres;66.07124681933843;0.011450381679389313;0.001272264631043257;0.0;0.41857506361323155;0.9885496183206107;0.18829516539440203;0.005089058524173028;0.7989821882951654;0.11959287531806616;0.6119592875318066;0.6221374045801527;0.006361323155216285;1.4223918575063612;0.7290076335877863;0.356234096692112;1.3804071246819338;0.410941475826972;1.5966921119592876;0.44274809160305345;0.1183206106870229;0
Dordogne;66.01428571428572;0.0025974025974025974;0.0;0.0;0.41818181818181815;1.009090909090909;0.18181818181818182;0.0;0.8532467532467533;0.13636363636363635;0.8051948051948052;0.4857142857142857;0.007792207792207792;1.5142857142857142;0.7584415584415585;0.32987012987012987;1.4025974025974026;0.5376623376623376;1.6090909090909091;0.5597402597402598;0.11168831168831168;0
Doubs;59.11713286713287;0.0017482517482517483;0.0017482517482517483;0.0;0.3479020979020979;1.152972027972028;0.1791958041958042;0.0;0.9877622377622378;0.09090909090909091;0.5148601398601399;0.7298951048951049;0.019230769230769232;1.5463286713286712;0.7578671328671329;0.30332167832167833;1.6232517482517483;0.3715034965034965;1.659965034965035;0.5026223776223776;0.16083916083916083;1
Drôme;69.99046104928458;0.006359300476947536;0.001589825119236884;0.000794912559618442;0.404610492845787;1.0802861685214626;0.2329093799682035;0.001589825119236884;0.9594594594594594;0.10333863275039745;0.5882352941176471;0.7718600953895072;0.008744038155802861;1.6200317965023847;0.7957074721780604;0.2718600953895072;1.6732909379968204;0.46740858505564387;1.717806041335453;0.5723370429252782;0.1343402225755167;1
Essonne;66.6741531664212;0.014543446244477173;0.006075110456553756;0.0;0.32621502209131076;1.206921944035346;0.27816642120765833;0.0003681885125184094;1.0594624447717231;0.027245949926362298;0.15997790868924888;1.1053019145802652;0.027061855670103094;1.6165316642120766;0.7087628865979382;0.22993372606774667;1.8368924889543445;0.25257731958762886;1.8041237113402062;0.3783136966126657;0.16991899852724596;2
Eure;62.003450258769405;0.005175388154111558;0.002875215641173088;0.0;0.3467510063254744;1.1132834962622196;0.17883841288096608;0.0005750431282346176;0.8982173663024727;0.07763082231167337;0.4151811385853939;0.8815411155836688;0.01667625071880391;1.4686601495112133;0.7878090856814262;0.3364002300172513;1.5485911443358251;0.3663024726854514;1.6279470960322024;0.49856239217941345;0.1466359976998275;1
Eure-et-Loir;72.71571906354515;0.012263099219620958;0.0033444816053511705;0.0;0.3333333333333333;1.0189520624303232;0.19286510590858416;0.0011148272017837235;0.882943143812709;0.11148272017837235;0.7012263099219621;0.6700111482720178;0.010033444816053512;1.5930880713489408;0.7636566332218506;0.3255295429208473;1.5930880713489408;0.43701226309921964;1.5473801560758083;0.6644370122630993;0.15496098104793757;0
Finistère;58.53704347826087;0.003130434782608696;0.0020869565217391303;0.0;0.39443478260869563;1.0827826086956522;0.13008695652173913;0.0;0.8264347826086956;0.05530434782608696;0.3739130434782609;0.8859130434782608;0.01217391304347826;1.3523478260869566;0.7770434782608696;0.28243478260869564;1.4500869565217391;0.3933913043478261;1.602086956521739;0.3749565217391304;0.16452173913043477;1
Gard;63.636092912447886;0.00714711137581894;0.007742703990470518;0.0;0.35854675402025016;1.117331745086361;0.17093508040500296;0.0;0.8469326980345444;0.1072066706372841;0.6509827278141751;0.6938653960690887;0.013103037522334724;1.5580702799285289;0.7278141751042287;0.2602739726027397;1.5812983918999404;0.4395473496128648;1.6432400238237046;0.5008933889219773;0.15485407980941035;1
Gers;63.635701275045534;0.012750455373406194;0.0036429872495446266;0.0;0.37522768670309653;0.97632058287796;0.15482695810564662;0.0;0.7468123861566485;0.10200364298724955;0.6302367941712204;0.6411657559198543;0.0036429872495446266;1.3734061930783241;0.7431693989071039;0.3242258652094718;1.214936247723133;0.575591985428051;1.5100182149362478;0.48269581056466304;0.12750455373406194;0
Gironde;63.15889949466592;0.003556054650945162;0.003556054650945162;0.0;0.46172562230956393;1.151413063821823;0.22927194460041175;0.0007486430844095078;1.0862811154781957;0.05652255287291784;0.3228523301516002;0.9365524985962942;0.019651880965749578;1.5816956765861876;0.8016095826314804;0.23713269698671158;1.8051656372824256;0.33632790567097137;1.8216357851394347;0.46397155156279246;0.11734980348119034;2
Guadeloupe;59.97191697191697;0.015873015873015872;0.009768009768009768;0.0006105006105006105;0.452991452991453;1.1153846153846154;0.10866910866910867;0.003663003663003663;0.9542124542124543;0.12942612942612944;0.5293040293040293;0.7612942612942613;0.02442002442002442;1.626984126984127;0.7264957264957265;0.2564102564102564;1.716117216117216;0.37545787545787546;1.6794871794871795;0.47374847374847373;0.22466422466422467;1
Guyane;55.03800856531049;0.010706638115631691;0.010171306209850108;0.0;0.7103854389721628;0.961456102783726;0.11777301927194861;0.0032119914346895075;1.0053533190578159;0.07334047109207709;0.35813704496788007;0.9630620985010707;0.03747323340471092;1.6054603854389722;0.7601713062098501;0.3169164882226981;1.8297644539614561;0.20985010706638116;1.7837259100642398;0.487152034261242;0.1322269807280514;2
Haut-Rhin;63.17911479944675;0.006915629322268326;0.006224066390041493;0.0;0.45919778699861685;1.0103734439834025;0.17289073305670816;0.003457814661134163;0.9287690179806363;0.07123098201936376;0.5020746887966805;0.7240663900414938;0.012448132780082987;1.4612724757952973;0.7558782849239281;0.3188105117565698;1.4730290456431536;0.42323651452282157;1.632088520055325;0.4280774550484094;0.169432918395574;1
Haute-Corse;61.25151777970512;0.005203816131830009;0.0026019080659150044;0.0;0.4137033824804857;1.181266261925412;0.15871639202081528;0.0008673026886383347;0.9453599306157849;0.055507372072853424;0.396357328707719;1.0346921075455333;0.01821335646140503;1.554206418039896;0.8603642671292281;0.2966175195143105;1.6600173460537728;0.4562012142237641;1.7398091934084996;0.5706851691240243;0.1222896790980052;1
Haute-Garonne;60.25956182695878;0.005941329372447085;0.003713330857779428;0.0;0.4712216858522094;1.0746379502413665;0.18195321203119197;0.0014853323431117712;0.9550686966208689;0.08466394355737096;0.46453769030820646;0.7690308206461196;0.031191979205347196;1.525807649461567;0.7177868548087635;0.227255848496101;1.6765688822874119;0.33531377645748234;1.7099888600074267;0.3988117341255106;0.16598588934274044;1
Haute-Loire;62.174216027874564;0.0017421602787456446;0.003484320557491289;0.0;0.41986062717770034;0.9303135888501742;0.18641114982578397;0.0;0.7543554006968641;0.12717770034843207;0.7177700348432056;0.554006968641115;0.003484320557491289;1.4581881533101044;0.6916376306620209;0.3554006968641115;1.3031358885017421;0.4912891986062718;1.5331010452961673;0.4878048780487805;0.13240418118466898;0
Haute-Marne;71.46623093681917;0.002178649237472767;0.006535947712418301;0.0;0.32461873638344224;0.971677559912854;0.22004357298474944;0.0;0.710239651416122;0.12636165577342048;0.5403050108932462;0.6993464052287581;0.010893246187363835;1.4030501089324618;0.6623093681917211;0.25272331154684097;1.34640522875817;0.46187363834422657;1.5054466230936818;0.4596949891067538;0.1111111111111111;0
Haute-Savoie;58.422900763358776;0.00916030534351145;0.0035623409669211198;0.0010178117048346056;0.48193384223918573;1.075826972010178;0.15419847328244274;0.0;1.008142493638677;0.08549618320610687;0.5053435114503817;0.7099236641221374;0.01272264631043257;1.5801526717557253;0.716030534351145;0.28346055979643764;1.640203562340967;0.36743002544529263;1.7068702290076336;0.4371501272264631;0.1648854961832061;1
Haute-Saône;65.07888631090488;0.0;0.0;0.0;0.42923433874709976;0.9698375870069605;0.1554524361948956;0.0;0.7378190255220418;0.16705336426914152;0.7749419953596288;0.4060324825986079;0.002320185614849188;1.419953596287703;0.6635730858468677;0.33874709976798145;1.2366589327146171;0.505800464037123;1.5475638051044083;0.41299303944315546;0.12529002320185614;0
Haute-Vienne;57.39106487148103;0.0055079559363525096;0.0;0.0;0.38555691554467564;1.0973072215422277;0.16034271725826194;0.0;0.8739290085679314;0.046511627906976744;0.3157894736842105;0.8873929008567931;0.01346389228886169;1.306609547123623;0.8035495716034272;0.23561811505507957;1.4810281517747859;0.39106487148102814;1.6340269277845778;0.34761321909424725;0.1419828641370869;1
Hautes-Alpes;61.15861344537815;0.0021008403361344537;0.0;0.0;0.4422268907563025;1.0451680672268908;0.148109243697479;0.0;0.9128151260504201;0.052521008403361345;0.4170168067226891;0.9663865546218487;0.0031512605042016808;1.4894957983193278;0.8560924369747899;0.3403361344537815;1.4726890756302522;0.5294117647058824;1.6271008403361344;0.5913865546218487;0.13025210084033614;1
Hautes-Pyrénées;61.61303191489362;0.006648936170212766;0.003989361702127659;0.0;0.4787234042553192;1.0199468085106382;0.1502659574468085;0.0;0.8430851063829787;0.07446808510638298;0.4773936170212766;0.8151595744680851;0.014627659574468085;1.3976063829787233;0.7978723404255319;0.29521276595744683;1.375;0.5226063829787234;1.6502659574468086;0.43351063829787234;0.12632978723404256;1
Hauts-de-Seine;53.11052688056658;0.011267303358729478;0.005365382551775942;0.0;0.5968451550595557;0.9351861787745466;0.19637300139499947;0.0017169224165683014;1.0076188432235218;0.010301534499409808;0.08767035089601889;1.0563365167936474;0.030904603498229422;1.5562828629681296;0.5764567013628071;0.16632685910505418;1.7199270307972958;0.242193368387166;1.7182101083807275;0.2404764459705977;0.20495761347784097;2
Hérault;61.610399689561504;0.004656577415599534;0.0015521924718665113;0.0;0.4544043461389212;1.090803259604191;0.17190531625921615;0.0007760962359332557;0.930151338766007;0.09934031819945673;0.593325572370974;0.7427240977881258;0.018626309662398137;1.5793558401241754;0.7683352735739232;0.2479627473806752;1.6961583236321305;0.40085370585952657;1.6980985642219635;0.4819557625145518;0.18626309662398138;1
Ille-et-Vilaine;60.2787550744249;0.006089309878213802;0.004397834912043302;0.0;0.40358592692828144;1.1326116373477673;0.17658998646820026;0.00033829499323410016;0.9901894451962111;0.055818673883626525;0.324424898511502;0.9015561569688768;0.019959404600811907;1.4604194857916102;0.7919485791610285;0.2449255751014885;1.6867388362652234;0.31495263870094725;1.7053450608930987;0.41069012178619757;0.15629228687415425;1
Indre;68.26303317535545;0.0071090047393364926;0.004739336492890996;0.0;0.35545023696682465;1.0071090047393365;0.16113744075829384;0.002369668246445498;0.7962085308056872;0.13033175355450238;0.6800947867298578;0.5260663507109005;0.023696682464454975;1.457345971563981;0.6540284360189573;0.27014218009478674;1.338862559241706;0.5023696682464455;1.5213270142180095;0.45734597156398105;0.15639810426540285;0
Indre-et-Loire;56.98470209339774;0.005233494363929146;0.004428341384863124;0.0;0.38405797101449274;1.1288244766505635;0.14130434782608695;0.00040257648953301127;0.9698067632850241;0.04508856682769726;0.29589371980676327;0.9158615136876006;0.024154589371980676;1.3735909822866346;0.8293075684380032;0.29347826086956524;1.568438003220612;0.33776167471819646;1.6388888888888888;0.44605475040257647;0.14210950080515297;1
Isère;63.74167623421355;0.008802143130501339;0.003444316877152698;0.0;0.385380788365863;1.097206276310754;0.19173363949483352;0.0007654037504783774;0.8805970149253731;0.08610792192881746;0.5778798316111748;0.7826253348641409;0.024492920015308076;1.5621890547263682;0.7412935323383084;0.3207041714504401;1.5690776884806736;0.4079601990049751;1.6659012629161882;0.500956754688098;0.16111748947569843;1
Jura;71.83811475409836;0.0;0.0;0.0;0.3770491803278688;1.014344262295082;0.15368852459016394;0.0;0.7540983606557377;0.15368852459016394;0.7540983606557377;0.5450819672131147;0.0;1.4344262295081966;0.7725409836065574;0.319672131147541;1.4241803278688525;0.45901639344262296;1.540983606557377;0.555327868852459;0.11065573770491803;0
La Réunion;56.08112528622833;0.019627085377821395;0.005888125613346418;0.0;0.5466143277723258;0.9872423945044161;0.13869807000327117;0.00032711808963035657;1.0104677788681715;0.05528295714753026;0.35557736342819757;0.8590121033693163;0.015374550212626759;1.578999018645731;0.6862937520444881;0.2937520444880602;1.6830225711481845;0.28132155708210665;1.6787700359829898;0.39515865227347075;0.20673863264638534;1
Landes;65.30211480362537;0.0075528700906344415;0.006042296072507553;0.0015105740181268882;0.4350453172205438;0.9350453172205438;0.2175226586102719;0.0;0.8111782477341389;0.1646525679758308;0.7643504531722054;0.40634441087613293;0.012084592145015106;1.4290030211480362;0.7054380664652568;0.30362537764350456;1.336858006042296;0.49395770392749244;1.593655589123867;0.4335347432024169;0.11933534743202417;0
Loir-et-Cher;68.00364520048603;0.007290400972053463;0.0036452004860267314;0.0;0.34750911300121506;1.0765492102065615;0.212636695018226;0.002430133657351154;0.9064398541919806;0.11907654921020656;0.6002430133657352;0.7132442284325637;0.00850546780072904;1.551640340218712;0.7812879708383961;0.30741190765492105;1.600243013365735;0.42162818955042525;1.637910085054678;0.5990279465370595;0.10449574726609964;1
Loire;62.873055382700684;0.010578718108276292;0.005600497822028625;0.0;0.37523335407591785;1.0952084629744867;0.17112632233976355;0.0012445550715619166;0.8494088363410081;0.07591785936527691;0.5196017423771002;0.8288736776602365;0.014934660858743;1.5606720597386434;0.6994399502177971;0.31736154324828875;1.4884878655880522;0.4517734909769757;1.641568139390168;0.4399502177971375;0.19352831362787803;1
Loire-Atlantique;58.681463414634145;0.007317073170731708;0.004390243902439025;0.0;0.4697560975609756;1.0082926829268293;0.18097560975609756;0.000975609756097561;0.8795121951219512;0.12;0.5648780487804878;0.6331707317073171;0.02048780487804878;1.4951219512195122;0.6829268292682927;0.25609756097560976;1.5560975609756098;0.36146341463414633;1.6424390243902438;0.35365853658536583;0.20243902439024392;1
Loiret;58.92750642673522;0.0035989717223650387;0.005141388174807198;0.0;0.3922879177377892;1.0817480719794343;0.19023136246786632;0.0010282776349614395;0.9424164524421594;0.06940874035989718;0.3557840616966581;0.9141388174807198;0.021079691516709513;1.4796915167095115;0.7820051413881748;0.3197943444730077;1.5861182519280206;0.3511568123393316;1.6473007712082262;0.4863753213367609;0.14910025706940874;1
Lot;69.16076294277929;0.005449591280653951;0.0027247956403269754;0.0;0.444141689373297;0.8256130790190735;0.1771117166212534;0.0;0.776566757493188;0.1362397820163488;0.7193460490463215;0.35149863760217986;0.013623978201634877;1.3514986376021798;0.6185286103542235;0.2098092643051771;1.223433242506812;0.5367847411444142;1.449591280653951;0.4196185286103542;0.11444141689373297;0
Lot-et-Garonne;63.02139037433155;0.004010695187165776;0.0;0.0;0.37967914438502676;1.085561497326203;0.1711229946524064;0.001336898395721925;0.8275401069518716;0.13368983957219252;0.6885026737967914;0.6203208556149733;0.014705882352941176;1.4986631016042782;0.7580213903743316;0.3114973262032086;1.482620320855615;0.4585561497326203;1.6336898395721926;0.49331550802139035;0.1443850267379679;0
Lozère;72.8476821192053;0.0033112582781456954;0.0;0.0;0.38741721854304634;0.7649006622516556;0.1423841059602649;0.0;0.6026490066225165;0.076158940397351;0.652317880794702;0.6192052980132451;0.0033112582781456954;1.3509933774834437;0.5960264900662252;0.2847682119205298;1.1887417218543046;0.47019867549668876;1.2880794701986755;0.5132450331125827;0.1490066225165563;0
Maine-et-Loire;57.92379182156134;0.003345724907063197;0.0055762081784386614;0.0;0.4821561338289963;1.0211895910780668;0.12639405204460966;0.0;0.8055762081784387;0.045724907063197026;0.3587360594795539;0.8494423791821561;0.017100371747211896;1.3144981412639405;0.7278810408921933;0.29739776951672864;1.4193308550185875;0.3226765799256506;1.620817843866171;0.30408921933085503;0.13457249070631971;1
Manche;61.49564676616915;0.0018656716417910447;0.006840796019900498;0.0006218905472636816;0.40671641791044777;1.078358208955224;0.14614427860696516;0.0018656716417910447;0.9353233830845771;0.07524875621890548;0.44092039800995025;0.7835820895522388;0.008706467661691543;1.4129353233830846;0.8152985074626866;0.32027363184079605;1.4241293532338308;0.48134328358208955;1.6305970149253732;0.44838308457711445;0.15796019900497513;1
Marne;58.33166583291646;0.004502251125562781;0.006003001500750375;0.0;0.3386693346673337;1.103551775887944;0.21460730365182593;0.0010005002501250625;1.0;0.06353176588294147;0.31115557778889447;0.9054527263631816;0.021010505252626314;1.4777388694347173;0.7823911955977989;0.29164582291145574;1.6153076538269135;0.3461730865432716;1.6518259129564783;0.44022011005502754;0.1890945472736368;1
Martinique;58.57056145675266;0.008093070308548306;0.024785027819929185;0.0005058168942842691;0.4157814871016692;1.1765300961052099;0.13707637835103692;0.008093070308548306;0.9676277187658068;0.05665149215983814;0.37228123419322207;0.9802731411229135;0.03743045017703591;1.554375316135559;0.7931208902377339;0.21648963075366717;1.7678300455235205;0.35761254425897826;1.7298937784522004;0.5042994436014163;0.1507334344967122;2
Mayenne;70.32871287128712;0.0039603960396039604;0.0019801980198019802;0.0;0.41188118811881186;0.8792079207920792;0.24554455445544554;0.0019801980198019802;0.8396039603960396;0.1188118811881188;0.7940594059405941;0.33861386138613864;0.011881188118811881;1.4237623762376237;0.6574257425742575;0.3207920792079208;1.293069306930693;0.4633663366336634;1.5346534653465347;0.44356435643564357;0.11485148514851486;0
Mayotte;49.93283582089552;0.004975124378109453;0.009950248756218905;0.0;0.7624378109452736;0.7077114427860697;0.09328358208955224;0.0024875621890547263;0.8942786069651741;0.06467661691542288;0.24004975124378108;1.0597014925373134;0.041044776119402986;1.7350746268656716;0.48507462686567165;0.3644278606965174;1.7661691542288558;0.08582089552238806;1.5335820895522387;0.4129353233830846;0.31467661691542287;2
Meurthe-et-Moselle;55.15074211502783;0.006029684601113173;0.0013914656771799629;0.0;0.29916512059369205;1.202226345083488;0.15630797773654917;0.00046382189239332097;0.9318181818181818;0.05705009276437848;0.287569573283859;0.9461966604823747;0.01948051948051948;1.410482374768089;0.7931354359925789;0.24397031539888683;1.5667903525046383;0.3919294990723562;1.6173469387755102;0.35760667903525045;0.2481447124304267;1
Meuse;67.94847775175644;0.0;0.0;0.0;0.3583138173302108;0.8524590163934426;0.19672131147540983;0.0;0.711943793911007;0.12177985948477751;0.5667447306791569;0.6440281030444965;0.00234192037470726;1.4449648711943794;0.5971896955503513;0.24824355971896955;1.4168618266978923;0.37236533957845436;1.395784543325527;0.4918032786885246;0.15690866510538642;0
Morbihan;56.410043881033644;0.0029254022428083864;0.0;0.0;0.43393466601657726;1.0507069722086786;0.12774256460263286;0.0;0.8127742564602632;0.08191126279863481;0.37640175524134567;0.8356899073622623;0.011701608971233545;1.3461725987323256;0.7489029741589469;0.24183325207215992;1.4202827888834715;0.4295465626523647;1.5977571916138469;0.34714773281326183;0.16187225743539738;1
Moselle;63.815489749430526;0.004555808656036446;0.0030372057706909645;0.0;0.33029612756264237;1.0736522399392558;0.19134396355353075;0.0;0.8526955201214882;0.11693242217160213;0.6112376613515565;0.6772968868640851;0.012148823082763858;1.5345482156416097;0.7114654517843584;0.2642369020501139;1.5793470007593013;0.40015186028853456;1.586940015186029;0.4191343963553531;0.25208807896735;1
Nièvre;60.79134466769706;0.0061823802163833074;0.0061823802163833074;0.0;0.3446676970633694;1.035548686244204;0.1267387944358578;0.0;0.7465224111282844;0.12364760432766615;0.47449768160741884;0.6831530139103554;0.012364760432766615;1.3400309119010818;0.6754250386398764;0.27202472952086554;1.267387944358578;0.47449768160741884;1.5054095826893354;0.37248840803709427;0.14992272024729522;0
Nord;57.15287628053586;0.017073811400052534;0.004728132387706856;0.0;0.35172051484108224;1.1048069345941687;0.1770422905174678;0.003940110323089046;0.9290780141843972;0.09272392960336223;0.4533753611767796;0.7804045179931705;0.04018912529550828;1.5371683740478066;0.6821644339374836;0.25584449697924877;1.6577357499343315;0.30102442868400314;1.621224060940373;0.38560546361964804;0.25269240872077753;2
Nouvelle-Calédonie;60.90409836065574;0.001639344262295082;0.004918032786885246;0.001639344262295082;0.23524590163934425;0.9508196721311475;0.33278688524590166;0.0;1.039344262295082;0.17131147540983607;0.6;0.8344262295081967;0.011475409836065573;1.7557377049180327;0.8778688524590164;0.32459016393442625;2.0778688524590163;0.22295081967213115;1.5131147540983607;0.9918032786885246;0.14016393442622951;1
Oise;65.15618860510806;0.00343811394891945;0.00343811394891945;0.0;0.30844793713163066;1.1335952848722985;0.18172888015717092;0.0019646365422396855;0.8197445972495089;0.06974459724950884;0.412573673870334;0.9479371316306483;0.01424361493123772;1.4916502946954813;0.7460707269155207;0.2951866404715128;1.6286836935166995;0.31090373280943023;1.6105108055009822;0.4818271119842829;0.15962671905697445;1
Orne;71.59288097886541;0.0011123470522803114;0.0055617352614015575;0.0;0.36262513904338156;0.9454949944382648;0.185761957730812;0.0;0.7074527252502781;0.11234705228031146;0.5884315906562848;0.6240266963292548;0.0055617352614015575;1.3559510567296997;0.6707452725250278;0.3014460511679644;1.3426028921023359;0.3804226918798665;1.492769744160178;0.44160177975528364;0.09788654060066741;0
Paris;44.76455362375464;0.000586051963274077;9.767532721234616e-05;0.0;0.7616233639382692;0.7619652275835124;0.18748779058409845;0.0005372142996679039;0.9959464739206876;0.00791170150420004;0.0667610861496386;1.066321547177183;0.04981441687829654;1.5280328189099432;0.5596307872631373;0.11091033404961907;1.727143973432311;0.24609298691150616;1.658038679429576;0.24536042195741356;0.23407892166438757;2
Pas-de-Calais;62.4030612244898;0.01479591836734694;0.0035714285714285713;0.0;0.40153061224489794;1.030612244897959;0.1683673469387755;0.0005102040816326531;0.8979591836734694;0.10612244897959183;0.688265306122449;0.6428571428571429;0.01683673469387755;1.5785714285714285;0.7403061224489796;0.36020408163265305;1.5755102040816327;0.3780612244897959;1.594387755102041;0.5137755102040816;0.22755102040816327;1
Polynésie française;48.51020408163265;0.00927643784786642;0.0018552875695732839;0.0;0.8107606679035251;0.6586270871985158;0.150278293135436;0.0018552875695732839;0.8237476808905381;0.22820037105751392;0.8107606679035251;0.36178107606679033;0.0018552875695732839;1.6419294990723563;0.5825602968460112;0.26716141001855287;1.719851576994434;0.2300556586270872;1.6233766233766234;0.4749536178107607;0.1280148423005566;3
Puy-de-Dôme;59.473089343379975;0.002691065662002153;0.0016146393972012918;0.0;0.39289558665231433;1.1097954790096878;0.1496232508073197;0.0005382131324004305;0.8955866523143164;0.07158234660925726;0.4241119483315393;0.7997847147470398;0.011840688912809472;1.4558665231431647;0.7238966630785791;0.2373519913885899;1.5479009687836383;0.39343379978471477;1.6458557588805167;0.37190527448869753;0.17384284176533907;1
Pyrénées-Atlantiques;51.47596988998263;0.0028951939779965257;0.0011580775911986102;0.0;0.5842501447596989;0.9994209612044007;0.14331210191082802;0.00028951939779965256;0.9276201505500868;0.04661262304574407;0.26404169079328316;0.9119861030689056;0.011870295309785756;1.3601621308627678;0.7785176606832658;0.2851766068326578;1.4273306311522873;0.42096120440069484;1.7168500289519397;0.3115228720324262;0.12217718587145339;1
Pyrénées-Orientales;58.24166666666667;0.002777777777777778;0.001388888888888889;0.0;0.36736111111111114;1.2270833333333333;0.1111111111111111;0.0006944444444444445;0.9541666666666667;0.07291666666666667;0.39375;0.8680555555555556;0.029861111111111113;1.479861111111111;0.7798611111111111;0.24722222222222223;1.5520833333333333;0.4576388888888889;1.6784722222222221;0.37916666666666665;0.23194444444444445;1
Rhône;52.62768626595397;0.018326606305225264;0.008836042325733609;0.0;0.38071342860259627;1.1499945456528853;0.18861132322461002;0.003490782153376241;1.0340351259954184;0.02378095341987564;0.2204647103741682;1.0484346023780953;0.04287116832115196;1.5693247518272062;0.7180102541725756;0.246536489582197;1.753463510417803;0.2815533980582524;1.6988109523290063;0.4156212501363587;0.21577397185556887;2
Saint-Barthélemy;40.672413793103445;0.0;0.0;0.0;0.9137931034482759;0.5517241379310345;0.20689655172413793;0.0;0.6206896551724138;0.1206896551724138;0.6724137931034483;0.46551724137931033;0.017241379310344827;1.603448275862069;0.25862068965517243;0.20689655172413793;1.5689655172413792;0.08620689655172414;1.6724137931034482;0.15517241379310345;0.05172413793103448;3
Saint-Martin;52.904;0.016;0.064;0.0;0.84;0.808;0.136;0.0;1.016;0.184;0.8;0.328;0.032;1.824;0.472;0.248;1.872;0.176;1.816;0.392;0.12;3
Saint-Pierre-et-Miquelon;47.93333333333333;0.06666666666666667;0.0;0.0;0.2;0.9333333333333333;0.26666666666666666;0.0;0.7333333333333333;0.06666666666666667;0.4;0.6;0.0;0.8666666666666667;0.9333333333333333;0.4;1.2;0.2;1.4666666666666666;0.2;0.13333333333333333;0
Sarthe;63.64290610006854;0.006854009595613434;0.0013708019191226869;0.0;0.3865661411925977;1.1062371487320082;0.1644962302947224;0.0;0.8567511994516792;0.08019191226867718;0.3742289239204935;0.9280328992460589;0.0205620287868403;1.453050034270048;0.7655928718300206;0.2830705962988348;1.5654557916381082;0.3618917066483893;1.6470185058259081;0.43522960932145305;0.15695681973954764;1
Savoie;62.27924130663857;0.007376185458377239;0.001053740779768177;0.0;0.49209694415173866;0.9546891464699684;0.16754478398314016;0.001053740779768177;0.863013698630137;0.10432033719704953;0.642781875658588;0.6533192834562698;0.015806111696522657;1.58377239199157;0.6649104320337197;0.23919915700737618;1.5637513171759747;0.4457323498419389;1.6174920969441517;0.48472075869336145;0.16227608008429925;1
Saône-et-Loire;64.08119891008174;0.004904632152588556;0.0016348773841961854;0.0005449591280653951;0.3525885558583106;1.0610354223433243;0.19727520435967302;0.0005449591280653951;0.8326975476839237;0.08555858310626703;0.4768392370572207;0.7825613079019074;0.009809264305177113;1.4643051771117166;0.7040871934604904;0.29809264305177113;1.4119891008174388;0.4544959128065395;1.6032697547683923;0.4376021798365123;0.13732970027247957;1
Seine-Maritime;58.76036036036036;0.006486486486486486;0.0025225225225225223;0.0;0.3902702702702703;1.058018018018018;0.15387387387387388;0.0018018018018018018;0.8666666666666667;0.06594594594594595;0.42774774774774776;0.8241441441441442;0.0363963963963964;1.4407207207207207;0.7091891891891892;0.27135135135135136;1.5527927927927927;0.32144144144144143;1.572972972972973;0.3956756756756757;0.21765765765765765;1
Seine-Saint-Denis;56.90552852720035;0.022556390977443608;0.012914639540026538;8.845643520566122e-05;0.4082264484741265;1.1064130915524104;0.2608580274214949;0.0054842989827509955;1.0823529411764705;0.009818664307828394;0.12118531623175587;1.0794338788146838;0.05201238390092879;1.644139761167625;0.6021229544449359;0.20875718708536045;1.840689960194604;0.1913312693498452;1.7539141972578505;0.3168509509066785;0.22750995134896063;2
Seine-et-Marne;73.81842737094838;0.009903961584633853;0.0063025210084033615;0.0;0.2917166866746699;1.2307923169267707;0.28241296518607445;0.0015006002400960385;1.0033013205282113;0.07202881152460984;0.35114045618247297;0.9843937575030012;0.02220888355342137;1.6419567827130852;0.7481992797118847;0.24009603841536614;1.8682472989195678;0.27581032412965184;1.7941176470588236;0.4792917166866747;0.13895558223289317;2
Somme;62.04201680672269;0.003001200480192077;0.0024009603841536613;0.0;0.3319327731092437;1.1716686674669867;0.15486194477791115;0.0006002400960384153;0.9261704681872749;0.08403361344537816;0.3745498199279712;0.9093637454981993;0.01800720288115246;1.4639855942376951;0.8127250900360145;0.2581032412965186;1.6482593037214885;0.3619447779111645;1.6440576230492197;0.47358943577430973;0.17707082833133253;1
Tarn;65.06968215158925;0.003667481662591687;0.0012224938875305623;0.0;0.3765281173594132;1.028117359413203;0.15892420537897312;0.0;0.773838630806846;0.13202933985330073;0.5513447432762836;0.6858190709046454;0.012224938875305624;1.452322738386308;0.6784841075794621;0.30073349633251834;1.3447432762836187;0.48166259168704156;1.5562347188264058;0.43031784841075793;0.15647921760391198;0
Tarn-et-Garonne;68.03514938488577;0.0;0.0017574692442882249;0.0017574692442882249;0.36731107205623903;0.9578207381370826;0.20035149384885764;0.0;0.7592267135325131;0.14938488576449913;0.7574692442882249;0.492091388400703;0.005272407732864675;1.4868189806678382;0.6660808435852372;0.2688927943760984;1.460456942003515;0.421792618629174;1.523725834797891;0.5149384885764499;0.1195079086115993;0
Territoire de Belfort;62.55307262569833;0.00558659217877095;0.0111731843575419;0.0;0.441340782122905;1.0167597765363128;0.24022346368715083;0.0;0.9608938547486033;0.1452513966480447;0.6312849162011173;0.5754189944134078;0.0111731843575419;1.5921787709497206;0.7094972067039106;0.20670391061452514;1.6368715083798884;0.4581005586592179;1.7094972067039107;0.4692737430167598;0.1340782122905028;1
Val-d'Oise;74.42369838420107;0.003291442250149611;0.008378216636744464;0.0;0.28276481149012567;1.2184320766008379;0.23668461998803111;0.0017953321364452424;0.9048473967684022;0.03052064631956912;0.20197486535008977;1.1609814482345902;0.04039497307001795;1.5745062836624775;0.6852184320766008;0.21843207660083783;1.8444045481747458;0.1935966487133453;1.722920406941951;0.4254937163375224;0.15170556552962297;2
Val-de-Marne;55.606593178036604;0.008215474209650582;0.008007487520798669;0.0;0.4741056572379368;1.0876663893510816;0.24012063227953412;0.0007279534109816972;1.065099833610649;0.009463394342762063;0.09307404326123128;1.0899542429284526;0.032029950083194675;1.5810108153078204;0.6452787021630616;0.17762063227953412;1.8140599001663893;0.22920133111480864;1.7804700499168054;0.2882695507487521;0.18957986688851913;2
Var;60.37081873208028;0.00796431984708506;0.0022300095571838167;0.0;0.5237336731443135;1.0563873845173621;0.1780821917808219;0.0006371455877668047;0.9557183816502071;0.08187320802803441;0.5543166613571201;0.8002548582351067;0.016884358075820324;1.593819687798662;0.7820962089837528;0.2456196240841032;1.6170755017521503;0.5116279069767442;1.7546989487097802;0.4440904746734629;0.19401083147499204;1
Vaucluse;62.04698672114402;0.009193054136874362;0.005107252298263534;0.0;0.4453524004085802;1.079673135852911;0.14504596527068436;0.0;0.8784473953013279;0.14300306435137897;0.7599591419816139;0.5240040858018387;0.018386108273748723;1.599591419816139;0.6874361593462717;0.2931562819203269;1.526046986721144;0.4647599591419816;1.6741573033707866;0.44433094994892747;0.18692543411644535;1
Vendée;63.387072243346005;0.0045627376425855515;0.001520912547528517;0.0;0.511787072243346;0.9452471482889734;0.17566539923954372;0.0007604562737642585;0.8106463878326996;0.12927756653992395;0.7003802281368822;0.5399239543726235;0.0045627376425855515;1.4836501901140684;0.6927756653992395;0.3688212927756654;1.3399239543726236;0.4623574144486692;1.6243346007604562;0.4342205323193916;0.12243346007604562;0
Vienne;64.5228310502283;0.00228310502283105;0.00684931506849315;0.001141552511415525;0.3333333333333333;1.134703196347032;0.2271689497716895;0.0;0.8812785388127854;0.1141552511415525;0.5799086757990868;0.752283105022831;0.010273972602739725;1.4794520547945205;0.8378995433789954;0.2979452054794521;1.6084474885844748;0.4075342465753425;1.6906392694063928;0.4805936073059361;0.15639269406392695;1
Vosges;63.52967359050445;0.01483679525222552;0.005934718100890208;0.0;0.443620178041543;0.9332344213649851;0.1572700296735905;0.004451038575667656;0.9065281899109793;0.12462908011869436;0.7166172106824926;0.5341246290801187;0.013353115727002967;1.513353115727003;0.7596439169139466;0.3827893175074184;1.4124629080118694;0.47774480712166173;1.540059347181009;0.5281899109792285;0.21810089020771514;0
Wallis-et-Futuna;64.73913043478261;0.0;0.0;0.0;0.41304347826086957;0.8478260869565217;0.08695652173913043;0.0;0.782608695652174;0.13043478260869565;0.7608695652173914;0.30434782608695654;0.0;1.608695652173913;0.3695652173913043;0.2608695652173913;1.5217391304347827;0.1956521739130435;1.326086956521739;0.5;0.15217391304347827;0
Yonne;69.09936305732484;0.0025477707006369425;0.0012738853503184713;0.0;0.30318471337579617;1.1044585987261146;0.2178343949044586;0.0;0.8649681528662421;0.16305732484076432;0.6;0.7044585987261146;0.012738853503184714;1.535031847133758;0.7847133757961784;0.28152866242038216;1.5554140127388536;0.47770700636942676;1.621656050955414;0.6152866242038216;0.09554140127388536;0
Yvelines;76.97617274758005;0.004839910647803425;0.006329113924050633;0.0;0.33693224125093074;1.27066269545793;0.24497393894266567;0.0018615040953090098;1.12397617274758;0.051749813849590466;0.30119136262099777;1.0476545048399106;0.02494415487714073;1.6995532390171257;0.8019359642591214;0.2490692479523455;1.9564408041697692;0.2907669396872673;1.845867460908414;0.54132539091586;0.13924050632911392;2
